GRIN Database PI Accession,Common Name,Abaxial Leaf Vein Pigmentation (1-9),General Leaf Outline (1-7),Leaf Lobe Type (1-9),Leaf Lobe Number (1-9),Shape of Central Leaf Lobe (1-9),Number of Leaf Points,Leaf Width (cm),Leaf Length to Stem (cm),Leaf Length to Edge (cm),USVL Code
Grif 995,AC 83.5-7,8,3,1.666666667,1.666666667,1.166666667,6.666666667,18.542,13.03866667,13.843,G-001
Grif 1004,Banana Yam,8,6,5,5,4,5.333333333,16.55233333,11.34533333,12.827,G-002
Grif 12500,L 86-33,7.833333333,3.5,1.5,1.666666667,1.166666667,6.166666667,16.256,12.02266667,14.39333333,G-010
PI 016175 ,Florida,8,6,7,7,5,7,11.98033333,10.922,11.72633333,G-764
PI 153655,Tinian,8,6,7,3.833333333,6,4.5,8.763,8.847666667,8.847666667,G-011
PI 153905,Norin No.2,8,3.5,0.666666667,1,1,1.833333333,12.99633333,12.7,13.589,G-012
PI 153907,Norin No.4,7.333333333,4,1.666666667,1.166666667,1.166666667,3,12.954,11.85333333,12.78466667,G-013
PI 153909,Taihaku Saitama No. 1,6.666666667,6,6.666666667,4.5,6,5.833333333,13.54666667,13.80066667,12.91166667,G-014
PI 208029,Camaguey,2,5.5,4,2.833333333,3.666666667,6.5,11.09133333,9.990666667,11.176,G-015
PI 208796,469,6,4.5,3,2.5,1.833333333,5.166666667,16.383,11.98033333,12.7,G-016
PI 208806,485,7.833333333,2.333333333,1,1,1,3.666666667,19.09233333,14.64733333,16.29833333,G-017
PI 208886,B-6369,2,5,2,2,4,2,10.75266667,10.033,10.45633333,G-018
PI 267946,"""None""",5,3.166666667,1,1,1,7,16.21366667,13.12333333,14.097,G-019
PI 286619,Ang 16,7.833333333,2.833333333,1,1,1,4.666666667,15.748,12.319,14.478,G-020
PI 286621,Kanifuta,7.833333333,3.833333333,1.666666667,1.666666667,1,6.833333333,13.80066667,10.414,12.573,G-021
PI 286623,CLPR 9A,8,3.166666667,0.333333333,1,1,1.666666667,15.748,13.081,14.81666667,G-022
PI 286629,O. 4,7,6,5,4.333333333,4,4.833333333,12.78466667,9.652,11.176,G-023
PI 296116,BNAS 51,2.333333333,5.5,2.5,3,3.666666667,2.333333333,10.32933333,11.43,11.51466667,G-024
PI 304088,Morado-de-Yucatan,2,4,1,1,1,3.333333333,10.75266667,10.96433333,12.74233333,G-025
PI 308196,2,8,5.5,4.5,5.666666667,3.5,8.333333333,14.05466667,12.446,14.30866667,G-026
PI 308198,19,2,2.833333333,1.166666667,1,1.333333333,3,12.192,10.11766667,11.51466667,G-027
PI 308200,459,4.666666667,6,4.5,4.666666667,3.666666667,4.666666667,15.113,12.10733333,13.716,G-028
PI 308201,500,7.833333333,3.333333333,1,1,1,3.833333333,17.10266667,13.843,14.39333333,G-029
PI 308205,660,7.833333333,3.5,1,1,1.166666667,5,18.88066667,15.45166667,16.51,G-030
PI 315342,Qilin,4,6,4.333333333,4.5,4,4.5,14.30866667,12.10733333,13.50433333,G-031
PI 315343,170,4.666666667,3,1.5,1.333333333,1,2.5,12.99633333,12.192,13.589,G-032
PI 315347,295,3.666666667,4.5,2.5,2,2.833333333,3.5,13.03866667,10.71033333,12.319,G-033
PI 315349,Daxua,2,6,3.833333333,3.833333333,4,5,14.13933333,11.72633333,13.25033333,G-034
PI 318846,N.Z. 196 (613),2,6,4.833333333,5,4,5,12.40366667,10.07533333,11.684,G-035
PI 318848,Kamula Belep,8,3.166666667,1,1,1,2.833333333,18.288,14.986,16.84866667,G-036
PI 318855,N.Z. 642 (LI 1),8,3.333333333,1,1,1,2.833333333,19.89666667,15.79033333,17.61066667,G-037
PI 318856,N.Z. 643 (LI 3),8,6,5,3.666666667,4,4.5,10.20233333,9.906,10.795,G-038
PI 318858,N.Z. 654 (07),8,3.833333333,0.333333333,1,1.333333333,1.166666667,14.732,13.50433333,15.875,G-039
PI 318859,N.Z. 657 (J 2),5,6,7.333333333,4.833333333,6.5,5.166666667,18.796,16.67933333,16.72166667,G-040
PI 320446,46,8,6,4.833333333,5.166666667,4.166666667,5.333333333,11.64166667,11.43,12.7,G-041
PI 320448,153,4.666666667,6,7.333333333,5.333333333,4.833333333,5.333333333,17.48366667,16.891,16.93333333,G-042
PI 324885,255,5.333333333,3.333333333,1.333333333,1.333333333,1.5,4.666666667,13.16566667,10.541,12.27666667,G-043
PI 324886,394,8,3,1,1,1,4.666666667,15.66333333,12.446,14.52033333,G-044
PI 324887,"""None""",4.5,6,3.5,4.166666667,3.666666667,4.666666667,12.86933333,11.684,12.61533333,G-045
PI 344120,N.Z. 1 (TH 1),6.666666667,6,4.5,4.333333333,4,4.833333333,13.88533333,11.09133333,12.53066667,G-046
PI 344122,N.Z. 25 (0 15),2,2.833333333,1,1,1.166666667,5.333333333,13.208,11.09133333,13.16566667,G-047
PI 344123,Nanyo,8,6,3,3,4,4.333333333,14.90133333,11.89566667,14.56266667,G-048
PI 344124,Lakwaw,7.833333333,2.833333333,1,1,1,4.5,17.907,14.478,16.42533333,G-049
PI 344134,ACIC,8,7,9,6.833333333,5,6.833333333,18.415,15.28233333,15.79033333,G-050
PI 344140,Kumara Enua,5,5,5,3,2,4,9.652,8.212666667,9.059333333,G-051
PI 376944,Extranjero,2,3.166666667,0.833333333,1,1.5,3.333333333,13.41966667,11.938,13.716,G-052
PI 376945,Morado,1,3,1,1,1,2.5,11.38766667,10.033,12.10733333,G-053
PI 376946,"""None""",2,3.333333333,1,1,1,5,14.01233333,12.02266667,13.716,G-054
PI 390482,W-C 1403,2.166666667,3.666666667,1.5,1,1,7.166666667,16.04433333,14.351,15.95966667,G-055
PI 399163,Camote Morado,8,4,5,5.166666667,4,8,13.16566667,10.795,12.446,G-056
PI 399164,Camote Morado,8,7,9,5.666666667,5,5.666666667,13.50433333,12.827,13.208,G-057
PI 439749,"""None""",4.833333333,5.5,3,3.666666667,3,6.666666667,14.859,13.80066667,15.45166667,G-058
PI 452267,"""None""",4.666666667,6,5.166666667,4.166666667,4.333333333,4.5,14.01233333,12.86933333,12.91166667,G-059
PI 508506,Koto-puki,3.5,3,1,1,3.666666667,3,10.795,10.033,11.59933333,G-060
PI 508507,Yuki-musume,2,5,3.333333333,3.166666667,2.5,5,16.80633333,15.113,15.95966667,G-061
PI 508508,Kogane-sengan,3.5,3,1,1.166666667,4,2.5,11.59933333,11.303,13.081,G-062
PI 508509,Norin 2,7.833333333,5.166666667,2.333333333,2.666666667,2.5,5,15.70566667,15.91733333,17.61066667,G-063
PI 508510,Hongmi,6.666666667,6,7.666666667,4.666666667,5,5.333333333,15.53633333,15.113,15.113,G-064
PI 508511,H,3,5.5,2.666666667,2.666666667,3,2.833333333,14.56266667,11.64166667,13.63133333,G-065
PI 508513,Simon-1,8,3,1,1,3,2.333333333,12.40366667,12.53066667,13.97,G-066
PI 508514,74-637,5.333333333,6,6,7.166666667,4.833333333,8,13.50433333,12.10733333,13.50433333,G-067
PI 508515,60,2,6,3.666666667,3.666666667,3.333333333,4.5,16.002,13.67366667,15.15533333,G-068
PI 508516,78-2,3,4.166666667,1.666666667,1.333333333,1.166666667,5.833333333,12.446,11.176,11.98033333,G-069
PI 508517,205,6,4.166666667,1.666666667,1.166666667,1.166666667,5.166666667,12.827,12.61533333,12.954,G-070
PI 508518,224,6,4.666666667,1.666666667,1.666666667,2,3.166666667,13.081,11.938,12.827,G-071
PI 508519,750-1,3,3.666666667,1.166666667,1,1.333333333,3.666666667,13.716,12.02266667,13.081,G-072
PI 508520,Self fertile No. 1,3.333333333,3,1,1,1,1,11.72633333,12.14966667,14.18166667,G-073
PI 508521,Yellow sunflower,3.333333333,3,1,2,3,2.833333333,12.78466667,11.72633333,12.78466667,G-074
PI 508522,TIS 2525,5,4,3,3.5,2,5.833333333,11.38766667,9.101666667,10.45633333,G-075
PI 508523,Camote amarillo,8,6,3,3,4,3.166666667,10.922,10.16,11.38766667,G-076
PI 508524,Mina,5,6,6.166666667,5,5.666666667,5.333333333,14.52033333,11.43,12.99633333,G-077
PI 508525,Blanquita,5.333333333,5,2,1.833333333,1.666666667,5.333333333,15.45166667,12.7,13.462,G-078
PI 508526,Miguela-21,8,3,0,1,0.833333333,1.166666667,18.45733333,17.18733333,20.447,G-079
PI 508527,Miguela arecibo-22,8,3,1,1,1,2.166666667,19.05,16.42533333,19.13466667,G-080
PI 508528,Gem,7,3,1,1,1,3.166666667,13.462,10.795,12.446,G-081
PI 508529,Miguela-24,8,3,1.166666667,1.166666667,1.166666667,1.333333333,15.24,13.75833333,16.17133333,G-082
PI 508530,Batata blanca,2.5,6,5,4.333333333,6.5,4.833333333,8.89,7.704666667,8.763,G-083
PI 508531,"Morada, Sombica",3,3,1,1,1,1.166666667,8.509,8.551333333,9.906,G-084
PI 508532,"Wiripipi, Itawa",2.833333333,6,5,4,5.5,4.5,10.033,9.186333333,10.49866667,G-085
PI 508534,Batata morada,4.666666667,3,1,1,1,1.333333333,12.446,10.922,13.25033333,G-086
PI 531093,Camote morado,7.666666667,6,7,6.5,5,7,13.716,11.76866667,13.88533333,G-093
PI 531094,392,5,4,1,3,4,2.666666667,7.789333333,10.033,12.02266667,G-094
PI 531095,Camote morado,7.833333333,6,7,5.666666667,5,6.5,13.16566667,10.75266667,13.41966667,G-095
PI 531096,Camote morado,5,3.5,1.5,2,3.5,3.5,10.541,12.78466667,14.859,G-096
PI 531097,Camote morado,5.166666667,5,2.666666667,2.833333333,2,4.833333333,14.77433333,13.97,16.42533333,G-097
PI 531098,Camote morado,2,2.166666667,1,1,1,2.666666667,13.25033333,10.37166667,11.72633333,G-098
PI 531099,530,2,4.5,2,2,3,2.833333333,11.303,11.938,14.18166667,G-099
PI 531101,624,2,6,4,3,3.666666667,4.166666667,11.09133333,11.09133333,12.78466667,G-100
PI 531102,8520,6,5.333333333,2.666666667,2.333333333,2.666666667,4,12.14966667,11.59933333,11.89566667,G-101
PI 531103,13,3.666666667,4.333333333,3,5,2.666666667,5.666666667,13.37733333,11.98033333,12.36133333,G-102
PI 531104,112,7.5,6,7.666666667,5,6,5,14.224,14.01233333,13.50433333,G-103
PI 531105,117,8,4,1,1,4,1.166666667,12.14966667,14.01233333,15.15533333,G-104
PI 531107,119,1.666666667,5.666666667,3.166666667,3.166666667,3,4.666666667,14.732,11.59933333,12.827,G-105
PI 531108,121,2,5,9,3.333333333,6,3.333333333,13.54666667,13.63133333,13.716,G-106
PI 531109,124,2,6,3.5,3.5,3,4.166666667,15.91733333,13.03866667,14.13933333,G-107
PI 531110,132,6.833333333,3,1,1,4,2.166666667,10.07533333,9.863666667,10.83733333,G-108
PI 531111,140,4.666666667,4.5,2.666666667,2.666666667,2.5,3.833333333,16.17133333,11.64166667,13.462,G-109
PI 531112,149,8,3.166666667,0.5,0.833333333,1,2.5,14.18166667,12.65766667,12.27666667,G-110
PI 531113,159,1.666666667,6,7,5,6,5,12.65766667,10.414,10.922,G-111
PI 531114,168,8,5.5,6,4,4.666666667,4.5,18.161,14.224,15.24,G-112
PI 531115,173,6.333333333,3,1,7.666666667,1.166666667,12,15.02833333,11.938,12.99633333,G-113
PI 531116,TIS 9265,5.666666667,3.5,0.833333333,1.666666667,1.166666667,3.5,11.26066667,10.24466667,12.40366667,G-114
PI 531117,Paramutai,4.333333333,5.833333333,6.666666667,4.666666667,5.333333333,4.833333333,13.54666667,11.98033333,12.065,G-115
PI 531118,Nemanete,2,6,7,5.166666667,5,5.5,15.621,13.12333333,14.43566667,G-116
PI 531119,Canchari,7.166666667,6,9,5,6.333333333,5.166666667,13.97,12.446,12.065,G-117
PI 531120,SP-7,2.333333333,6,5,3,4,3,12.36133333,12.573,12.91166667,G-118
PI 531121,Ihuanco,2,3.333333333,1,3.5,1,6.5,15.875,12.53066667,13.29266667,G-119
PI 531122,Jewel,6.166666667,3.833333333,0,1,1,1.333333333,11.34533333,10.668,12.14966667,G-120
PI 531123,Dona Carmen,6,3.666666667,1.666666667,6.166666667,2.333333333,7.333333333,14.097,12.10733333,12.954,G-121
PI 531124,Supana Negro,7.166666667,4,0.333333333,1,2,1.333333333,11.303,12.86933333,14.26633333,G-122
PI 531125,Chuquimanco,4.166666667,6,5,4.833333333,4,5.833333333,15.367,13.081,13.75833333,G-123
PI 531126,"Vilca, Romero",9,6,6.833333333,3.5,6,3.666666667,12.48833333,13.75833333,13.67366667,G-124
PI 531127,Pampa Culevra,6.333333333,6,5,5,5,5.166666667,13.03866667,11.72633333,11.76866667,G-125
PI 531128,Boca de Chisco,4.666666667,5.666666667,6.333333333,4.5,4.333333333,5.166666667,15.19766667,13.88533333,13.92766667,G-126
PI 531129,"Chancletero, Camote Industrial",8,5.166666667,6.333333333,3.833333333,5.333333333,4,18.37266667,15.24,16.34066667,G-127
PI 531130,Camote Blanco,2,4,1,1,4,1.166666667,9.186333333,9.525,10.287,G-128
PI 531131,Camote Morado-1,3,3.166666667,1,7,2.166666667,9,14.732,11.47233333,13.03866667,G-129
PI 531133,Paramonquino,4.333333333,5.833333333,6,3.333333333,5.5,3.833333333,12.40366667,11.684,11.76866667,G-131
PI 531134,Lamote,3.666666667,3.166666667,1,1.166666667,1,2.5,12.14966667,11.43,13.25033333,G-132
PI 531135,7044,7.166666667,6,6.666666667,5.333333333,5,5.833333333,13.88533333,12.02266667,12.319,G-133
PI 531137,8463,3,5.5,4,3.166666667,3.5,4,12.827,12.192,12.53066667,G-134
PI 531138,8464,7.833333333,4.666666667,2,2.666666667,3.333333333,2.833333333,10.922,10.45633333,11.938,G-135
PI 531140,11753,2,4,1.333333333,1.333333333,4.333333333,1.833333333,9.482666667,10.414,11.303,G-137
PI 531141,B 6712,2,4,1,1,4,3,10.668,12.10733333,12.23433333,G-138
PI 531145,AIS 0122-2,8,3.833333333,1,1,2,1.333333333,12.91166667,13.589,15.07066667,G-141
PI 531146,Tainung 65,2.333333333,6,4,4,4,4.333333333,12.192,10.37166667,11.938,G-142
PI 531147,Tainung 57,6.166666667,6,6,4.5,5,5.333333333,13.589,14.097,12.86933333,G-143
PI 531148,Blanco local,2,3.833333333,1,1,2,1.5,12.27666667,12.74233333,14.26633333,G-144
PI 531149,Amarillo local,2,4.5,1.666666667,1.666666667,2.166666667,3.333333333,13.462,12.827,15.02833333,G-145
PI 531150,Lurin,8,3.833333333,1.333333333,1.333333333,2.166666667,2.666666667,12.65766667,14.30866667,15.113,G-146
PI 531151,Nino,8,4,3,4.333333333,2,5.166666667,13.462,12.65766667,13.63133333,G-147
PI 531153,Chilingano,4.5,6,6.666666667,5.5,6,5.833333333,15.19766667,12.99633333,13.75833333,G-148
PI 531154,Corazon de Huarango (Negro),8,4,1,1,4,1.666666667,10.07533333,10.414,10.45633333,G-149
PI 531155,Pedro Juan,7,5,7,3,6,3.5,12.86933333,13.716,13.75833333,G-150
PI 531156,UNPRG 41,7.833333333,6,4.666666667,4,4.333333333,5,14.94366667,13.12333333,13.843,G-151
PI 531157,Usquillano,5,5.833333333,5,3.833333333,5.166666667,4.166666667,12.573,13.50433333,13.589,G-152
PI 531158,Huanchano,7.833333333,5.166666667,4,4.333333333,4,4.666666667,14.94366667,13.589,14.77433333,G-153
PI 531160,Perotito,6.666666667,2.333333333,1,8.5,1,11,16.891,12.86933333,14.64733333,G-154
PI 531161,Promesa,9,4,1,1,2,1.5,10.49866667,11.557,13.41966667,G-155
PI 531162,Sin Nombre,3.333333333,5.333333333,3,3,3.666666667,3.166666667,15.621,13.92766667,15.748,G-156
PI 531163,UNPRG 63,8,5.5,3.166666667,3.166666667,5,3.166666667,11.43,11.811,12.48833333,G-157
PI 531164,UNPRG 64,6.333333333,6,3.333333333,5,3.166666667,5.833333333,15.19766667,12.02266667,14.39333333,G-158
PI 531165,Huachano Chico,8,6,7,5,6,5,14.68966667,13.41966667,13.97,G-159
PI 531166,UNPRG 70,2,4,1,1,3.333333333,3.166666667,12.61533333,12.78466667,12.74233333,G-160
PI 531167,Quita penas,7.333333333,6,5,4.833333333,4.166666667,4.833333333,13.716,11.47233333,13.081,G-161
PI 531168,Morado de Canete,4.833333333,6,4.666666667,4.333333333,4,5,14.097,12.573,14.01233333,G-162
PI 531169,Torre Blanca,2,6,7.166666667,5.333333333,5.166666667,5.333333333,15.28233333,13.335,14.097,G-163
PI 538282,Buem Pobra,6.333333333,5.166666667,4.333333333,3.333333333,4.666666667,3.666666667,11.938,12.48833333,13.25033333,G-164
PI 538284,CN 1028-15,5.333333333,3.666666667,1,1,2.166666667,1,12.065,13.12333333,13.208,G-165
PI 538286,Chancleta de Chilca V.F.,4.666666667,6,7,5.833333333,5,5.833333333,12.27666667,11.26066667,11.76866667,G-166
PI 538288,IAC-72 Eucaru,4.5,6,6.833333333,5.666666667,6,6,15.02833333,13.29266667,14.732,G-167
PI 538289,Morado,7,3.166666667,1.5,4.166666667,2.333333333,6,14.13933333,10.668,12.40366667,G-168
PI 538290,Pato Iqueno,4,2.666666667,0.833333333,1.5,1.5,1.666666667,12.827,11.38766667,11.59933333,G-169
PI 538291,Porfirio,4.333333333,6,6,4,5.333333333,4.833333333,13.716,11.89566667,12.319,G-170
PI 538292,Juancho,2,6,4.333333333,4.833333333,3.333333333,5.5,17.44133333,12.065,13.41966667,G-171
PI 538293,Wendoly,2,6,4.5,4.833333333,3,5.666666667,18.24566667,13.589,14.90133333,G-172
PI 538294,Tipo 10-LM,4.333333333,4.333333333,1.5,2.166666667,1.5,3,13.67366667,14.478,14.18166667,G-173
PI 538295,Yuca de Calango,2,5.5,8.333333333,3.5,5.666666667,4,13.37733333,12.36133333,12.74233333,G-174
PI 538296,Tipo 34-LM,5,6,7,3.5,5,4.5,11.303,11.13366667,11.176,G-175
PI 538297,Amarillo de Chilca,4.666666667,5.5,6,3.5,5,4.333333333,13.843,12.99633333,13.16566667,G-176
PI 538298,Wennotz II,4.333333333,4,1,2.5,1,3,13.41966667,14.351,15.28233333,G-177
PI 538299,Zapallo de Huaura,4.666666667,5.333333333,6,3.833333333,5,4.666666667,13.081,12.446,12.74233333,G-178
PI 538300,Papino,8,7,9,4.833333333,5,4.833333333,14.26633333,14.351,14.351,G-179
PI 538301,Amarillo de Trujillo,8,2.5,1,4.166666667,1,5.666666667,14.01233333,11.811,13.716,G-180
PI 538302,Morado de Calango T-1,7.166666667,6,9,4.333333333,6.833333333,5,13.88533333,14.097,13.75833333,G-181
PI 538303,Morado de Chillon,4.5,6.5,9,4.5,9,4.5,15.45166667,16.002,15.19766667,G-182
PI 538305,Chinchano,6.666666667,6,5,3.166666667,4,3.333333333,11.557,11.76866667,12.40366667,G-183
PI 538306,529,2,4.5,2,4,2.166666667,5.666666667,19.26166667,16.67933333,17.86466667,G-184
PI 538307,540,2,5.333333333,3,3,3.5,3.666666667,11.51466667,11.811,13.92766667,G-185
PI 538308,618,2,4,2,2,2.5,2.666666667,14.56266667,13.25033333,16.59466667,G-186
PI 538309,633,7.833333333,3.5,1.333333333,3.333333333,2.333333333,3.666666667,16.72166667,16.17133333,18.33033333,G-187
PI 538342,Wart,8,2.166666667,1,1.333333333,2.5,1.833333333,13.50433333,11.049,11.51466667,G-188
PI 538343,Sunny,2,4,1,1,2,2.833333333,13.589,13.37733333,14.478,G-189
PI 538344,Papota,8,3,1,1,1,1.666666667,9.440333333,8.636,9.525,G-190
PI 538345,Macana,7,3,1,1,1,2.666666667,12.40366667,12.7,14.732,G-191
PI 538346,Frita,5.666666667,6,4.666666667,5.666666667,4,5.833333333,13.589,10.45633333,12.27666667,G-192
PI 538347,Toquecita,8,3,1,1,1,3.5,15.07066667,13.335,15.70566667,G-193
PI 538348,Viola,8,3,1,1,1,1.333333333,10.96433333,11.00666667,12.319,G-194
PI 538349,Bugsbunny,2,6,5.5,5,4.5,5.666666667,14.56266667,12.446,12.446,G-195
PI 538350,Francia,3,5.666666667,2.5,2.666666667,2.833333333,4.833333333,14.986,12.446,14.43566667,G-196
PI 538351,Mojave,5,6,3,3,4,4.333333333,14.30866667,10.37166667,11.85333333,G-197
PI 538352,Pepa de Oro,5,3,1,1,4,2.666666667,11.684,12.14966667,12.99633333,G-198
PI 538353,Amanecer,2,3,1,1,1,1,9.821333333,9.228666667,10.668,G-199
PI 538354,Tapato,3,6,5,4.666666667,4,4.833333333,10.49866667,8.593666667,9.694333333,G-200
PI 539141,TIB8,8,4.333333333,2.333333333,3,2.666666667,3.833333333,11.684,10.541,10.795,G-201
PI 556934,Cuitzeo,3,6,5,4,4.5,4.333333333,11.21833333,10.37166667,11.303,G-205
PI 556935,114,4.333333333,4,1.333333333,2.5,1.666666667,3,12.14966667,12.065,12.573,G-206
PI 556936,CN 1345-8,3.333333333,4.833333333,3.333333333,3.333333333,3.333333333,4,15.113,13.88533333,14.732,G-207
PI 556939,CN 1448-49,5,4.333333333,1.666666667,1.5,2,3.833333333,11.00666667,10.16,10.62566667,G-208
PI 556940,CN 1489-43,8,3.5,1,1,2,1.333333333,15.83266667,15.07066667,16.97566667,G-209
PI 556941,CN 1489-89,2,6,5,4.666666667,4.666666667,4.833333333,12.065,11.00666667,11.76866667,G-210
PI 556942,SPV-94,2,3.166666667,0.666666667,1,2,3.333333333,15.15533333,14.90133333,15.07066667,G-211
PI 556943,Tainan 17,5.5,5,2,2.333333333,2,3.333333333,14.097,12.954,14.30866667,G-212
PI 556944,CN 1028-15,6,4,0.166666667,1,2,1.333333333,14.224,14.986,15.66333333,G-213
PI 556945,CN 1058-10,4.666666667,4,0.833333333,1.333333333,3,2,9.736666667,14.01233333,14.90133333,G-214
PI 556946,CN 1280-3,5.166666667,5.666666667,6,3.333333333,6,3.5,11.76866667,11.59933333,11.21833333,G-215
PI 556947,CN 1367-2,1.166666667,6,5.333333333,4.666666667,5.166666667,5,13.67366667,12.53066667,13.29266667,G-216
PI 564095,7,3.166666667,4,0,1,2,1.166666667,10.87966667,11.13366667,11.557,G-229
PI 564096,8,8,6,4.333333333,4.333333333,3.333333333,4.5,15.15533333,15.02833333,15.79033333,G-230
PI 564097,11,2,5.666666667,2.666666667,3.666666667,3.166666667,4,12.954,12.192,14.01233333,G-231
PI 564098,15,8,6,4.166666667,4,3,4.5,14.90133333,14.52033333,15.45166667,G-232
PI 564099,32,1.833333333,3.166666667,0.833333333,1,1.5,4.333333333,12.86933333,12.7,13.12333333,G-233
PI 564100,42,3.833333333,3,1.666666667,1.666666667,2,3.5,13.67366667,11.89566667,13.37733333,G-234
PI 564101,43,5.333333333,6,7,3.666666667,5.333333333,4.333333333,14.605,13.462,13.67366667,G-235
PI 564102,51,7.166666667,4.666666667,2,1.833333333,1,3,5.715,6.815666667,6.985,G-236
PI 564103,52,8,3.333333333,1,4.833333333,2.333333333,4.833333333,12.86933333,12.10733333,14.18166667,G-237
PI 564104,55,5,6,5,3,4,3.166666667,15.24,12.27666667,14.01233333,G-238
PI 564105,58,3.666666667,3.333333333,1.166666667,1.166666667,3.333333333,3.666666667,12.573,12.61533333,13.462,G-239
PI 564106,61,4.333333333,6,4.333333333,3,4,3.166666667,16.80633333,12.65766667,14.64733333,G-240
PI 564107,64,3,3,1.166666667,1.333333333,1.833333333,5,15.494,13.75833333,15.367,G-241
PI 564108,66,4,4.333333333,1.5,1.833333333,2.333333333,4.166666667,12.573,13.67366667,14.224,G-242
PI 564109,72,1.833333333,6,4.166666667,3.833333333,3.666666667,4.333333333,19.21933333,15.53633333,16.34066667,G-243
PI 564110,83,5,6,5.666666667,4.5,5.666666667,4.833333333,14.05466667,13.589,13.462,G-244
PI 564111,91,6.166666667,6,5.166666667,4.833333333,3.833333333,5.5,15.53633333,13.335,13.88533333,G-245
PI 564112,100,2,6,7.666666667,5,5.833333333,5,15.19766667,13.16566667,13.589,G-246
PI 564113,102,2,4.333333333,2.666666667,3.5,2.333333333,3.666666667,14.30866667,14.097,14.605,G-247
PI 564114,111,2,6,5.333333333,3.833333333,4.666666667,4.166666667,14.01233333,11.557,13.081,G-248
PI 564115,138,5.833333333,4.166666667,2.333333333,6,2.166666667,6.166666667,14.26633333,13.03866667,14.097,G-249
PI 564116,CN 1108-13,5.5,3,1,1,1,1.166666667,11.47233333,10.62566667,12.48833333,G-250
PI 564117,CN 1216-10,8,2.166666667,0.666666667,1.333333333,2,1.833333333,13.29266667,11.89566667,11.85333333,G-251
PI 564118,CN 1219-1,7.5,4,0.666666667,1,1.833333333,1.333333333,12.10733333,12.99633333,13.25033333,G-252
PI 564119,CN 1232-9,4.666666667,5.833333333,5.166666667,4.833333333,4.5,4.833333333,12.99633333,12.91166667,13.081,G-253
PI 564120,CN 1510-25,3,3,1,1,1,2,10.71033333,11.00666667,11.938,G-254
PI 564121,TIB11,2,5.333333333,4.166666667,2.666666667,3.666666667,2.666666667,12.99633333,12.27666667,12.02266667,G-255
PI 564122,83003-12,5.166666667,5.333333333,3,4.5,2.166666667,5,16.80633333,13.41966667,14.478,G-256
PI 564123,83005-19,2.833333333,3.333333333,1,1.166666667,1.5,3.666666667,14.90133333,15.79033333,17.10266667,G-257
PI 564124,IB01,2.666666667,2.666666667,1.666666667,4.666666667,2,5.5,20.828,15.91733333,18.58433333,G-258
PI 564125,IB05,3,6,3.666666667,3.833333333,4,4.166666667,12.23433333,11.43,11.98033333,G-259
PI 564126,IB13,2.666666667,3,0.833333333,1.166666667,1.5,2.666666667,14.478,13.208,14.52033333,G-260
PI 564127,IB14,1.833333333,4.333333333,2.166666667,2.666666667,2.666666667,3.5,13.843,15.07066667,15.494,G-261
PI 564128,ACC 308,2.833333333,6,3.666666667,4.333333333,3,4.5,13.80066667,12.14966667,12.99633333,G-262
PI 564129,ACC 309,2,3.833333333,0.166666667,1,2,1.166666667,12.40366667,13.12333333,14.68966667,G-263
PI 564131,ACC 213,8,3.166666667,1.833333333,1.833333333,2.166666667,2.5,12.91166667,11.303,13.589,G-265
PI 564132,L 3,2.166666667,3.166666667,1,1,1.166666667,4.5,12.91166667,11.684,13.54666667,G-266
PI 564133,L 6,8,6,7,6.166666667,5.5,6.166666667,17.22966667,13.843,13.843,G-267
PI 564134,L 13,3.166666667,2.333333333,3,4.833333333,2.666666667,5.166666667,21.463,17.48366667,18.96533333,G-268
PI 564135,L 18,2,2.666666667,2,4.333333333,2.833333333,5.333333333,21.16666667,17.145,18.96533333,G-269
PI 564136,L 43,6,3.833333333,1,2,2.333333333,3.666666667,13.589,12.78466667,14.94366667,G-270
PI 564137,L 46,8,4,1,1.833333333,2.666666667,2.833333333,13.50433333,13.54666667,14.90133333,G-271
PI 564138,L 116,8,4.333333333,1.833333333,2.5,3.166666667,2.833333333,11.72633333,10.795,11.34533333,G-272
PI 564139,L 135,5.166666667,4.5,2,3.5,3.166666667,4.5,12.78466667,11.98033333,13.37733333,G-273
PI 564140,L 383,8,6,4.666666667,3.833333333,4,4.333333333,13.88533333,14.478,15.45166667,G-274
PI 564142,NG7570,2.5,3.333333333,1,1.833333333,2.5,2,10.58333333,9.355666667,10.37166667,G-275
PI 564143,Amasonto,6.666666667,2.666666667,1.666666667,7.166666667,1.166666667,8.5,14.13933333,11.72633333,12.91166667,G-276
PI 564144,Wanmun Small,7.166666667,6,7,5.166666667,7,5.333333333,15.113,13.081,14.94366667,G-277
PI 564145,Sereta,7,6,7.333333333,7,5.5,7.833333333,16.637,14.01233333,15.53633333,G-278
PI 564146,Wanmun Kabiufa,2.833333333,5.333333333,3.166666667,2.666666667,3.333333333,3.333333333,14.52033333,14.097,15.28233333,G-279
PI 564147,Kekori,6,6,4.833333333,4.5,4.333333333,5,12.7,12.74233333,14.097,G-280
PI 564148,PO4,2.666666667,5.333333333,2.666666667,4.333333333,2.666666667,6.333333333,11.303,10.24466667,11.59933333,G-281
PI 564149,Markham,2.833333333,3.833333333,0.666666667,1,2,2,12.573,12.53066667,12.91166667,G-282
PI 564151,Tawa-1,2,6,5,5.166666667,5,5.333333333,11.43,11.00666667,12.065,G-283
PI 564152,Talaukwe,2,4,0,1,2.333333333,1,10.922,13.50433333,13.97,G-284
PI 564153,Mbakoka,2,6,7,5.166666667,4.833333333,5.333333333,13.25033333,10.668,12.192,G-285
PI 564154,Keanja,8,3.333333333,0.333333333,1,2,1.333333333,15.494,15.494,16.46766667,G-286
PI 564155,Unduandopa,8,3,1,1,1,2.333333333,11.59933333,11.38766667,12.23433333,G-287
PI 564156,BNAS-1,2,3.5,0,1,2.166666667,1.5,13.97,13.97,16.764,G-288
PI 564157,VSP 1,6.833333333,3,1,1,1,1.833333333,9.059333333,9.101666667,10.287,G-289
PI 564158,VSP 3,6.666666667,3.833333333,0,1,2,1.666666667,11.76866667,11.76866667,12.827,G-290
PI 564159,VSP 4,7.333333333,3,1,1,1,1,10.287,10.45633333,11.85333333,G-291
PI 564160,Red Abundance,3.166666667,2.666666667,1.5,1.333333333,1.5,3.5,13.462,11.21833333,12.61533333,G-292
PI 564161,Margarita,8,6,5,5,4,5.166666667,10.414,8.805333333,9.440333333,G-293
PI 564770,Wanmun Large,4,3,1,3,1,1.166666667,12.10733333,11.38766667,13.92766667,G-294
PI 564771,TIB 4(8),7,6,7,6.833333333,5,6.833333333,11.13366667,9.440333333,10.20233333,G-295
PI 564772,TIS 2498(17),4.666666667,4.333333333,1.166666667,1.666666667,1,3,14.52033333,12.27666667,12.74233333,G-296
PI 564773,TIS 2534,2,4.333333333,2.666666667,3.333333333,2,3.833333333,13.25033333,14.097,14.732,G-297
PI 566609,Acadian,1,3,1,1,1,1.833333333,13.03866667,12.573,14.56266667,G-298
PI 566610,Allgold,2,2,0,1,2.5,1.166666667,12.446,10.49866667,12.02266667,G-299
PI 566611,Apache,2,4.333333333,2.166666667,2.5,1.5,2.833333333,11.76866667,10.58333333,11.303,G-300
PI 566612,Baker,8,5.666666667,2.5,2.5,1.5,5.333333333,14.64733333,11.303,11.59933333,G-301
PI 566613,Beauregard,3,4.333333333,2,1.833333333,1.333333333,2.833333333,10.668,9.906,11.26066667,G-302
PI 566614,B-18,7.666666667,3.5,1,1,1,3.666666667,12.40366667,12.192,13.54666667,G-303
PI 566615,Carogold,8,4.5,2.666666667,2.166666667,1.833333333,3.333333333,15.79033333,12.23433333,15.19766667,G-304
PI 566616,Carolina Nugget,8,6,7,7,5.666666667,7,13.335,11.811,13.462,G-765
PI 566617,Caromex,2,6,4.166666667,3,3.5,2.833333333,15.45166667,14.13933333,14.18166667,G-305
PI 566618,Carver,2,5,3.166666667,2.666666667,2.5,2,12.61533333,12.65766667,12.446,G-306
PI 566619,Centenial,2.666666667,3.166666667,2,3.166666667,1,6,19.177,15.70566667,17.272,G-307
PI 566620,Cherokee,3,4.666666667,1.833333333,1.666666667,1.5,2.333333333,10.49866667,8.847666667,9.779,G-308
PI 566622,Cordner,2,5.5,2.833333333,3,2,2.666666667,10.71033333,9.652,10.11766667,G-309
PI 566624,Eureka,8,4.333333333,2,2.666666667,1.166666667,4.666666667,10.62566667,9.779,11.09133333,G-310
PI 566625,Excedl,3.166666667,5.5,3.166666667,3.333333333,3,4.166666667,16.46766667,13.16566667,15.79033333,G-311
PI 566627,Georgia Jet,6.666666667,6,4,4.333333333,3,5.5,11.049,10.11766667,11.34533333,G-312
PI 566628,Georgia Red,8,4.666666667,2.333333333,2,1,5.5,16.891,14.224,14.94366667,G-313
PI 566630,Goldrush,8,4.666666667,2.333333333,2.166666667,1.833333333,3.5,13.843,10.87966667,12.065,G-314
PI 566631,Heartogold,8,3.5,1,1,1,5,10.45633333,9.567333333,9.736666667,G-315
PI 566632,Hernandez,4,5.666666667,3.333333333,3.833333333,2.5,5.333333333,12.65766667,10.87966667,12.14966667,G-316
PI 566633,Hidry,4.666666667,4,0.833333333,1,1.166666667,2.5,13.081,12.99633333,12.91166667,G-317
PI 566634,Hopi,8,5,3,3.166666667,3.5,4,15.494,13.80066667,16.21366667,G-318
PI 566636,Jasper,3,5.166666667,2.166666667,2.333333333,0.833333333,4.333333333,13.37733333,12.10733333,12.91166667,G-319
PI 566637,Jersey Orange,2.833333333,5.166666667,2.5,2.666666667,1.166666667,3.333333333,7.112,7.493,8.382,G-320
PI 566638,Jewel,2,6,3.333333333,3,3.5,5.5,16.04433333,13.589,13.41966667,G-321
PI 566639,Julian,8,4.166666667,2.5,3.166666667,2,5.5,18.24566667,14.43566667,15.24,G-322
PI 566641,Nancy Hall,8,6,5.333333333,4.833333333,3.833333333,5.666666667,16.129,11.176,12.61533333,G-324
PI 566642,Nemagold,2.333333333,6,5.5,5.333333333,5.333333333,5.5,12.61533333,11.38766667,12.78466667,G-325
PI 566643,Nugget,2,5.666666667,3.333333333,2.666666667,2.666666667,2.5,11.557,11.684,11.72633333,G-326
PI 566644,Painter,2.666666667,3.166666667,1,1,1.666666667,3.166666667,16.59466667,14.986,17.018,G-327
PI 566645,Pope,2.166666667,3,1.166666667,1,1,2.833333333,11.64166667,10.541,13.29266667,G-328
PI 566646,Porto Rico,8,4,2,1.666666667,2,9.5,18.24566667,13.843,14.43566667,G-329
PI 566647,Redcliff,8,4,1.333333333,1.333333333,1.333333333,3.833333333,10.922,9.398,9.567333333,G-330
PI 566648,Red Jewel,2,6,3.166666667,3,1.5,3,12.954,12.74233333,12.573,G-331
PI 566650,Regal,7.833333333,5,2.5,2.333333333,1,3.5,12.40366667,10.58333333,12.954,G-332
PI 566651,Resisto,3,6,3.166666667,3,1,4.5,14.478,11.64166667,12.36133333,G-333
PI 566652,Rojo Blanco,6.666666667,6,4.666666667,4.666666667,4,5,16.29833333,13.03866667,13.03866667,G-334
PI 566653,Scarlet,2.166666667,6,3.5,3,1.5,2.833333333,11.72633333,10.96433333,10.668,G-335
PI 566654,Shore Gold,2,3,1.5,1,1,3.333333333,9.736666667,8.720666667,10.795,G-336
PI 566655,Southern Delite,8,6,3.333333333,4.166666667,1.5,4.333333333,14.986,12.27666667,13.88533333,G-337
PI 566656,Sunnyside,2,4,0.333333333,1,1.333333333,1.5,10.541,10.795,11.049,G-338
PI 566657,Sumor,2,3.166666667,0.5,1,1,1.5,13.12333333,11.557,13.54666667,G-339
PI 566658,Sweet Red,2,2.666666667,1,1,0.5,2.666666667,9.990666667,7.366,9.271,G-340
PI 566659,Topaz,2,5.333333333,4.5,3,2.833333333,3.833333333,7.662333333,7.704666667,7.450666667,G-341
PI 566660,Travis,8,6,5,5.5,3.833333333,6.166666667,16.002,10.922,12.27666667,G-342
PI 566662,Vardaman,8,6,5,5.166666667,2.5,6.5,16.34066667,11.09133333,12.573,G-343
PI 566663,White Delite,2.666666667,3.833333333,1,1,1,5.333333333,14.68966667,12.74233333,13.589,G-344
PI 566664,Whitestar,4.666666667,6,5,5,4,5.166666667,17.69533333,12.827,14.986,G-345
PI 573287,Woksaken (LO49),3,6,5,5.833333333,4,7,14.05466667,12.02266667,12.61533333,G-346
PI 573288,L318,8,3,1.333333333,1.333333333,1,6.5,15.367,11.684,13.589,G-347
PI 573289,IB03,2.833333333,6,6.666666667,5.333333333,4.333333333,5.833333333,18.58433333,16.55233333,17.48366667,G-348
PI 573290,IB07,3.333333333,4.5,1.666666667,2.5,0.666666667,4.5,12.446,10.58333333,11.34533333,G-349
PI 573291,IB11,3.333333333,4.333333333,1.833333333,1.333333333,1.166666667,7,13.081,11.38766667,11.98033333,G-350
PI 573292,ACC275,2,6,5.5,5.166666667,4.166666667,5.666666667,16.55233333,14.05466667,15.32466667,G-351
PI 573293,Hawhua,2,6,5.166666667,4.5,4.166666667,4.833333333,10.87966667,11.47233333,11.176,G-352
PI 573294,Waimanalo,4.333333333,6,5,4.833333333,4,5.166666667,14.13933333,13.25033333,14.13933333,G-353
PI 573295,Tainung 57,5.166666667,6,5.666666667,4.666666667,4.666666667,6,13.335,14.43566667,14.43566667,G-354
PI 573297,Purple,8.166666667,6,3,2.833333333,2.5,3,16.97566667,16.34066667,17.31433333,G-355
PI 573298,White,7.833333333,3,1,1,1,2.5,12.78466667,11.59933333,13.589,G-356
PI 573299,Chin Mi,3.166666667,3.5,0,1,1,1,17.18733333,18.37266667,19.685,G-357
PI 573300,L9,6.333333333,4.333333333,1.5,1.333333333,1,4.333333333,12.36133333,11.76866667,12.40366667,G-358
PI 573301,L11,7,6,6.333333333,6.5,4.333333333,7,15.40933333,12.23433333,14.39333333,G-359
PI 573302,L16,8,5.666666667,3.166666667,2.833333333,1.5,3.333333333,18.62666667,18.07633333,19.38866667,G-360
PI 573303,L19,2,5,2.666666667,2.333333333,2.666666667,6.5,12.61533333,11.34533333,13.12333333,G-361
PI 573304,L22,5.166666667,6,9,5.166666667,5.833333333,5.5,15.621,15.28233333,15.24,G-362
PI 573305,L50,7.5,3.666666667,0.166666667,1,2.166666667,1.333333333,15.79033333,14.81666667,16.55233333,G-363
PI 573306,L258,6.666666667,3.666666667,0.666666667,1,2,2,11.938,12.23433333,12.40366667,G-364
PI 573307,L259,8,6,3.666666667,3,3.666666667,3.333333333,13.92766667,12.40366667,13.80066667,G-365
PI 573308,L303,2,4.833333333,2.333333333,3,3,4.5,11.51466667,9.906,11.72633333,G-366
PI 573309,L329,6.833333333,5.833333333,6.333333333,4.333333333,4.333333333,4.833333333,18.669,15.875,16.383,G-367
PI 573310,Habare,2,6,6,5.333333333,3.666666667,6.333333333,13.03866667,11.09133333,11.43,G-368
PI 573312,Gonime,6.166666667,6,6.666666667,5.333333333,5.666666667,5.833333333,15.70566667,12.27666667,13.25033333,G-369
PI 573313,Munduena,2,3.5,2.333333333,2.333333333,2.333333333,5,13.081,11.38766667,13.25033333,G-370
PI 573314,Naveto,5.166666667,6,6.833333333,5.666666667,5.5,6.666666667,15.07066667,13.54666667,14.351,G-371
PI 573315,Ma'alua,2,6,7,5.5,4.833333333,7.166666667,12.86933333,12.48833333,12.99633333,G-372
PI 573316,Hawaii,6.5,6,7,5.166666667,4.666666667,5.5,15.45166667,12.319,13.41966667,G-373
PI 573317,Melefakahau,5.166666667,5,3.166666667,4.166666667,2,4.5,18.45733333,15.748,16.637,G-374
PI 573318,Amelika,2,6,4,4.333333333,4.333333333,4.666666667,13.16566667,12.99633333,12.91166667,G-375
PI 573319,Siale,5.333333333,6,6.833333333,4.5,5.666666667,5.166666667,13.843,14.30866667,13.37733333,G-376
PI 573321,85016-72,7.833333333,6,9,4.5,5,4.833333333,14.986,12.27666667,11.557,G-378
PI 573322,85016-100,8,6,9,5,5,5.166666667,13.92766667,12.99633333,12.36133333,G-379
PI 573323,IB02,2.166666667,5.666666667,2.833333333,2.833333333,4,4,12.573,11.811,13.67366667,G-380
PI 573324,IB08,3.333333333,6,3.333333333,4.666666667,2.333333333,5.5,12.48833333,10.87966667,12.446,G-381
PI 573325,L389,8,4.333333333,2.166666667,2.5,2.833333333,3.833333333,15.875,13.29266667,16.002,G-382
PI 573326,Boianai No 3,2,4.333333333,1.166666667,1.666666667,3.333333333,2,14.13933333,14.26633333,14.605,G-383
PI 573327,IB04,8,6,7.5,5.833333333,5.333333333,5.833333333,13.12333333,10.96433333,10.795,G-384
PI 573328,IB10,7.333333333,3.5,1.833333333,3,3.166666667,6.333333333,12.10733333,10.16,11.938,G-385
PI 573330,ACC108,2,3.5,1.333333333,2,2.333333333,2.166666667,14.01233333,13.081,14.859,G-387
PI 573331,VSP5,3.333333333,5.833333333,4.166666667,4,4,4.5,14.478,13.88533333,15.367,G-388
PI 573332,BP1-SP2,4.666666667,6,1.666666667,3.166666667,4,5.833333333,13.12333333,11.72633333,13.37733333,G-389
PI 573333,VSP2,6.333333333,6,7.166666667,5.666666667,5.166666667,6.333333333,15.83266667,13.843,13.25033333,G-390
PI 573334,Reddish Gold,5,6,5.5,5.5,5,6.833333333,13.16566667,12.23433333,12.91166667,G-391
PI 585051,TIS 2532,8,3.333333333,0.833333333,1.5,2.666666667,1.833333333,14.30866667,16.51,18.669,G-392
PI 585052,83003-13,7.666666667,5.333333333,1.333333333,3.833333333,3,6,15.24,12.319,13.37733333,G-393
PI 585053,ACC 268,2.333333333,6,5.666666667,5,4.666666667,5.5,17.48366667,13.589,14.986,G-394
PI 585054,Halasika,7.333333333,3.333333333,0.666666667,1,2,2.666666667,11.85333333,11.09133333,12.74233333,G-395
PI 585055,85019-17,2,6,4.833333333,3,3.333333333,3,10.37166667,10.45633333,10.541,G-396
PI 585056,ACC 172,3.333333333,3.833333333,0.833333333,1.333333333,1.666666667,1.5,16.67933333,14.77433333,16.72166667,G-397
PI 585057,L44,2,6,3,3.333333333,4,6.666666667,14.986,12.74233333,14.478,G-398
PI 585058,L49,8,5.333333333,2.833333333,3.333333333,3.666666667,4.5,13.03866667,12.27666667,12.23433333,G-399
PI 585059,Hung Loc 4,8,6,5,5.333333333,4,5.666666667,12.065,9.948333333,10.626,G-400
PI 585060,LO 323,6,3.333333333,0.833333333,1,0.833333333,3.166666667,14.18166667,13.335,15.02833333,G-401
PI 585061,Kalmegh S-30,3.333333333,6,5,6.166666667,4,6.333333333,13.97,13.081,14.26633333,G-402
PI 585062,Suwon 122,7.5,3,1,1,1,1.5,11.811,12.02266667,13.16566667,G-403
PI 585063,BIS. 99,2,3.333333333,1,1.833333333,0.833333333,8.666666667,17.06033333,14.18166667,14.43566667,G-404
PI 585064,BIS. 192,3.333333333,6,5,5.666666667,4.666666667,5.666666667,14.77433333,13.50433333,14.605,G-405
PI 585065,Kamala Sundari,8,3.166666667,0.833333333,1.333333333,1,2.333333333,16.04433333,14.90133333,16.51,G-406
PI 585066,CARI-273,7,6,2.833333333,3,2.166666667,3.333333333,15.494,12.23433333,14.478,G-407
PI 585067,Okinawa 100,6.333333333,6,3.666666667,3.5,4,4.333333333,14.30866667,12.78466667,13.50433333,G-408
PI 585068,Suwon 147,2.666666667,5.5,3,2.833333333,2.833333333,3.166666667,14.01233333,11.684,14.605,G-409
PI 585069,Eun-Mi,2,6,3,4.333333333,2.833333333,5,18.11833333,14.39266667,16.93333333,G-410
PI 585070,Seon-Mi,7.833333333,5.5,2.5,3.5,2.666666667,4,13.16633333,10.15966667,12.573,G-411
PI 585071,Won-Mi,8,3.5,0.5,1.333333333,1.5,1.333333333,19.72733333,18.58433333,21.80166667,G-412
PI 585072,Saing-Mi,7,3,1,1,1,1,10.75266667,10.541,11.72633333,G-413
PI 585073,Pung-Mi,8,4.333333333,1.5,1.833333333,2,1.833333333,11.76933333,12.91166667,13.50433333,G-414
PI 585075,85022-12,3.333333333,6,5,4,4.666666667,4.333333333,15.70566667,14.52033333,16.129,G-415
PI 585076,87036-102,5,6,5.333333333,5.166666667,5.5,5.5,13.843,14.18166667,13.208,G-416
PI 585077,Camote Amarillo,6,6,6.333333333,4.5,5.5,6,14.26633333,15.95966667,14.478,G-417
PI 585078,Camote Amarillo,2,6,7.5,5,5.5,5,15.15533333,13.41966667,14.81666667,G-418
PI 585079,Camote Blanco,8,3.333333333,0.833333333,1,1.5,2.666666667,14.77433333,14.05466667,15.494,G-419
PI 585080,Camote Blanco,8,3,1.166666667,1.333333333,1.333333333,2.833333333,15.748,13.843,15.70566667,G-420
PI 585081,573,8,3,1,1,1,1,11.38766667,11.85333333,13.16566667,G-421
PI 585082,578,2,3,1.5,2,2.666666667,1.833333333,9.863666667,9.821333333,12.827,G-422
PI 585083,625,2,2.666666667,0.2,1.333333333,3,2.333333333,10.71033333,9.694333333,11.51466667,G-423
PI 585085,Baracutey,5.166666667,2.833333333,0,1,2.166666667,1.5,16.59466667,14.77433333,17.018,G-424
PI 585086,Regional de Tehuantepec,2,6,3.833333333,3.833333333,3,5.5,15.748,12.02266667,14.18166667,G-425
PI 585087,Kyukei 97,2.5,3.5,0.333333333,1,1.5,1.333333333,14.68966667,14.605,15.45166667,G-426
PI 585088,Tainung 66,2,5,2.5,2.333333333,2.5,4,18.96533333,18.034,19.72733333,G-427
PI 585089,CN 1448-59,6,4,1.833333333,3.166666667,1.833333333,5.166666667,14.05466667,12.7,13.843,G-428
PI 585090,9 Blanca Americana,1.666666667,3,1,1,1,1,9.525,9.017,10.71033333,G-429
PI 585091,2788,5.166666667,3.833333333,1.666666667,2.166666667,2.666666667,2,9.101,8.255,10.24466667,G-430
PI 585092,393,4,6,3,3,3.666666667,3.5,11.938,10.541,12.319,G-431
PI 585093,609,7,4.333333333,1.666666667,2.333333333,3,3.5,11.684,12.53133333,14.64733333,G-432
PI 585094,99,8,6,7,5,5,5,11.09133333,8.806,10.03266667,G-433
PI 585095,115,8,3.833333333,2.166666667,2.166666667,1.666666667,4.5,14.859,12.446,14.64733333,G-434
PI 585096,123,3.333333333,7,9,4.166666667,6,4.166666667,16.29833333,14.64733333,14.05466667,G-435
PI 585097,127,3.833333333,5.666666667,6.666666667,3.833333333,4.333333333,4.166666667,13.03866667,11.85333333,11.98033333,G-436
PI 585098,131,2,3.166666667,0,1,2,1.333333333,13.16566667,11.76866667,13.716,G-437
PI 585099,133,4.666666667,4,2,6.666666667,4.833333333,8,13.29266667,12.27666667,12.61533333,G-438
PI 585100,Tinto,4,4.5,2,3,2.666666667,4.333333333,14.097,11.43,13.335,G-439
PI 585101,C 20169,7.833333333,3.666666667,0.833333333,1.833333333,2.5,2.666666667,16.46766667,14.732,16.46766667,G-440
PI 585102,CN 1517-139,6.166666667,3.833333333,0.833333333,1,1.5,3.666666667,15.40933333,14.732,15.66333333,G-441
PI 585103,ACC 307,3,3.833333333,0.5,1.333333333,2.333333333,1.333333333,13.03866667,12.319,14.77433333,G-442
PI 585104,TIS 3017,8,5.5,2.666666667,3.166666667,2,4.166666667,13.335,11.00666667,12.14966667,G-443
PI 585105,L131,8,4.166666667,1.833333333,2.333333333,2,4,12.446,10.668,12.192,G-444
PI 585107,L390,5,5.666666667,2.5,3.833333333,1.5,6.333333333,14.81666667,13.589,13.88533333,G-445
PI 585108,Tainung 68,2,3.833333333,0.333333333,1.333333333,1.5,1.666666667,16.891,17.78,19.177,G-446
PI 585111,Merikan,8,3.5,1.333333333,1.666666667,2.333333333,2.666666667,11.04833333,10.03266667,11.049,G-447
PI 592991,Chino A,6.333333333,6,5.666666667,5.333333333,5.5,6.666666667,12.48833333,12.192,11.43,G-448
PI 592992,95,4.333333333,2.833333333,0.833333333,2.333333333,3,5.5,13.16533333,11.98033333,14.05466667,G-449
PI 592993,Perla,8,3.666666667,0,1,2.333333333,1,10.87966667,11.811,12.86933333,G-450
PI 592994,Cuba 1,8,6,2.833333333,3.666666667,2.666666667,5.5,18.45733333,16.256,18.542,G-451
PI 592995,Cuba 3,2,6,4.666666667,4.666666667,4,5,12.86933333,12.61533333,12.78466667,G-452
PI 592996,IPS 141,8,4.666666667,1.833333333,2.333333333,1.333333333,3.5,16.93333333,13.88533333,14.90133333,G-453
PI 595199,Darby,3.333333333,5.666666667,3.833333333,3.333333333,4,4.166666667,15.28233333,15.621,16.42533333,G-454
PI 595856,Camote Remalacha,7.833333333,6,3,3.333333333,4,5.333333333,13.63133333,14.13933333,16.51,G-456
PI 595857,Camote Amarillo,4.166666667,3.166666667,0.5,1.333333333,2.333333333,2,11.38766667,10.16,12.53066667,G-457
PI 595858,Camote Blanco,6,6,5,4.666666667,5.833333333,6,13.25033333,14.18166667,12.74233333,G-458
PI 595861,512,2,6,3.833333333,3.666666667,4,4.166666667,10.71033333,10.922,12.65766667,G-461
PI 595862,SPV-73,2,4.333333333,1.166666667,2.333333333,2,4.833333333,12.319,12.573,13.92766667,G-462
PI 595864,Coleccion Bajo Papaloapan,2,6,3.333333333,5.166666667,3.833333333,7.5,14.182,11.17666667,13.12333333,G-463
PI 595865,Cuba 9,2,5.666666667,2.666666667,2.666666667,2.333333333,3.333333333,11.76866667,11.26066667,11.938,G-464
PI 595867,SPV-95,6.666666667,3.666666667,0.833333333,1.333333333,1.333333333,4.333333333,14.478,13.67366667,14.90133333,G-466
PI 595868,Benihayato,7.833333333,2.666666667,1,1,1.166666667,7.5,14.05466667,11.26066667,12.954,G-467
PI 595869,Honiara,8,5.666666667,2.5,3.166666667,2.666666667,3.666666667,12.91166667,12.91166667,13.716,G-468
PI 595870,G113-2B,8,5.666666667,2.833333333,4.166666667,2.833333333,5,13.97,12.319,12.74233333,G-469
PI 595871,IPS 153,7.833333333,6,5.666666667,5,4,5,11.98033333,9.440333333,10.287,G-470
PI 595873,Xushu 18,8,4,1.666666667,3,2.333333333,3.166666667,15.91733333,12.954,15.07066667,G-472
PI 595874,Huarmeyano,3,6,6.333333333,5.333333333,4.666666667,7.666666667,14.732,12.99633333,12.74233333,G-473
PI 595875,Zapallo,7.833333333,6,8.666666667,3.833333333,5,3.666666667,14.732,14.64733333,14.01233333,G-474
PI 595876,IITA-TIB 10,3.333333333,5.333333333,3.166666667,2.833333333,2.833333333,3.833333333,13.589,12.36133333,13.12333333,G-475
PI 595877,Rusenya-BDI,4.5,6,5,4.5,4,5.5,19.09233333,15.32466667,15.24,G-476
PI 595878,Mogamba,8,2.666666667,0.833333333,1.666666667,2,1.833333333,17.94933333,15.45166667,17.526,G-477
PI 595879,LUBY 3074,2,6,6.333333333,5.333333333,5,6,16.67933333,14.30866667,16.002,G-478
PI 595880,IMBY 3102,2,4.5,2,2.333333333,2.333333333,2,11.89566667,11.85333333,12.827,G-479
PI 595882,IITA-TIS 2544,2,5,3,3.333333333,3.333333333,3.333333333,12.23433333,12.99633333,13.843,G-480
PI 595883,IITA-TIS 3290,5,6,5,5,4,6,17.61066667,12.954,14.26633333,G-481
PI 595885,IITA-TIS 9232,7.166666667,6,6.666666667,5.166666667,5,5.666666667,12.86933333,11.26066667,12.827,G-482
PI 595887,Tanzania,2,6,6.333333333,5,5,5,15.45166667,16.04433333,16.59466667,G-483
PI 595888,Wagabolige,7.333333333,6,3,4.333333333,3.666666667,4.166666667,18.034,15.621,18.161,G-484
PI 595889,No. 29,8,6,9,5.166666667,9,5.666666667,20.06566667,16.67933333,17.31433333,G-485
PI 595890,KEMB 10,2,6,6.166666667,5.5,5,5.666666667,18.33033333,17.06033333,17.653,G-486
PI 595891,KEMB 37,2,4,1.666666667,1.833333333,2.333333333,4.166666667,13.589,14.56266667,15.40933333,G-487
PI 595928,Rusenya-RWA,5.333333333,6,4,4.666666667,3.333333333,5.5,15.367,12.61533333,13.97,G-488
PI 595929,CN 1869-13,2,3,0.666666667,1.5,2.833333333,4.666666667,12.446,11.89566667,12.65766667,G-489
PI 599366,Q 23722,4,3.833333333,1.166666667,1.333333333,1.166666667,3.333333333,15.07066667,14.26633333,16.46766667,G-490
PI 599367,Q 25336,7.833333333,6,5,5.833333333,4,6.666666667,15.95966667,13.25033333,15.02833333,G-491
PI 599368,Cuba 2,2,6,7.666666667,5.333333333,7,6,15.45166667,17.399,17.56833333,G-492
PI 599369,Haiti,8,6,3.166666667,3.333333333,3.333333333,5,18.415,15.367,17.48366667,G-493
PI 599370,CN 1525-11,2.833333333,3.5,0,1,1,1.166666667,12.65766667,12.446,14.18166667,G-494
PI 599371,Tongamai,2,5.833333333,7,3.833333333,6,4.166666667,13.80066667,10.541,11.303,G-495
PI 599372,Kaloti,8,5.333333333,3,4,3.666666667,4.833333333,12.446,10.11766667,10.75266667,G-496
PI 599373,IPS 10,8,2.5,0.333333333,1,1,2.333333333,14.56266667,12.91166667,14.01233333,G-497
PI 599374,IPS 30,2,4.666666667,1.833333333,2.166666667,2.5,2.666666667,13.12333333,14.859,15.367,G-498
PI 599375,IPS 127,4.833333333,5.5,3.166666667,2.666666667,3.666666667,2.5,13.97,14.77433333,16.29833333,G-499
PI 599376,IPS 148,6.5,4,1,1,1,1.666666667,15.113,13.716,15.113,G-500
PI 599377,IPS 163,2,6,6.833333333,4.666666667,6,5.166666667,15.45166667,14.351,16.21366667,G-501
PI 599378,IPS 167,6.833333333,6,7,6.333333333,5,7.166666667,17.399,13.50433333,15.95966667,G-502
PI 599379,IPS 172,5.5,4,1,1,1,1.5,15.621,15.83266667,16.72166667,G-503
PI 599380,IPS 183,5.166666667,2.666666667,0,1,2.333333333,1.166666667,13.37733333,11.59933333,12.827,G-504
PI 599381,Tainung 63,2,3.5,1.5,2,3.666666667,2,13.12333333,13.03866667,13.843,G-505
PI 599382,Pedro,7.833333333,6,9,4.833333333,5,5,13.716,14.90133333,14.68966667,G-506
PI 599383,Camote Negro,8,3,1,1,1,4.5,10.96433333,10.20233333,11.85333333,G-507
PI 599384,Pata de Oso,6.666666667,6,4,3,4,4.833333333,16.80633333,15.15533333,17.18733333,G-508
PI 599385,IITA-TIS 9101,7.333333333,6,7,6.166666667,5,7,13.37733333,10.87966667,11.64166667,G-509
PI 599386,Minamiyutaka,7.666666667,3.666666667,2,2.333333333,4,2.5,12.10733333,11.938,13.25033333,G-510
PI 599387,Jonathan,2,6,7,5.833333333,5,6.833333333,11.76866667,10.24466667,10.414,G-511
PI 599388,Liaoshu 40,8,3,1,1,1,2.333333333,10.11766667,10.11766667,11.51466667,G-512
PI 599389,Qunli 1,6.166666667,4.666666667,3,4.5,2.333333333,4.833333333,12.573,10.11766667,11.47233333,G-513
PI 599390,Jishu 5,7.833333333,5.5,3,3,4,3.833333333,13.75833333,11.59933333,12.91166667,G-514
PI 599391,Yanshu 1,2,2.833333333,2.166666667,3,2.666666667,3.833333333,16.383,14.52033333,15.83266667,G-515
PI 599392,Gaozi 1,3,4,0,1,2,1,11.21833333,12.23433333,12.99633333,G-516
PI 599393,TIB 4,7.5,6,7,5.666666667,5.666666667,7.166666667,13.038,11.726,11.76866667,G-517
PI 599394,Beerwah Gold,2,4.833333333,1.833333333,2.333333333,3.666666667,3,16.129,14.39333333,13.97,G-518
PI 599395,TIS 2498,7.666666667,2.666666667,1.166666667,1.666666667,2.5,2.666666667,17.568,14.26666667,17.61066667,G-519
PI 599396,TIS 3053,1.833333333,4.833333333,1.833333333,2,3,3.833333333,13.80066667,14.097,15.19766667,G-520
PI 599397,TIS 8401,6.833333333,4.5,1.5,4,2,4.333333333,12.40366667,11.303,12.86933333,G-521
PI 599398,TIS 70357,8,4,1.333333333,1.666666667,2.833333333,2.5,15.02833333,13.75833333,16.46766667,G-522
PI 599399,TIS 80/637,5.166666667,3,1.5,1.666666667,2.333333333,3.166666667,11.557,10.28766667,11.176,G-523
PI 606252,Duanyanghong,3.666666667,5.5,2.833333333,3.833333333,3.5,5.5,18.161,14.26633333,15.494,G-524
PI 606253,TIS 1499,8,5.5,3.333333333,3.333333333,3.333333333,4.833333333,14.605,13.25033333,13.589,G-525
PI 606254,IPS 25,8,5.5,2.5,4.666666667,2.333333333,5.5,18.24566667,14.26633333,15.494,G-526
PI 606255,TIS 1145,7.666666667,4,2,2.666666667,2,2.333333333,13.92766667,13.54666667,15.07066667,G-527
PI 606256,TIS 9291,5.333333333,5,2.333333333,5.166666667,3.5,5.833333333,16.129,13.208,15.07066667,G-528
PI 606257,TIS 8524,2,4,0.5,1.333333333,4,1,16.04433333,15.28233333,16.97566667,G-529
PI 606258,TIS 9265,6.666666667,3,1.5,2.166666667,2,3.333333333,14.097,12.48833333,15.113,G-530
PI 606259,TIS 8409,5.666666667,3.333333333,1.5,1.833333333,2.5,2.833333333,12.065,12.446,14.94366667,G-531
PI 606260,TIS 83/176,3,2.833333333,0.833333333,1.5,1.333333333,1.5,15.15533333,12.91166667,14.43566667,G-532
PI 606261,TIS 9465,8,2,1,1,1,7.333333333,15.95966667,12.10733333,13.25033333,G-533
PI 606262,TIS 82/395,6.833333333,5.666666667,3.666666667,3.666666667,3.333333333,4.333333333,15.66333333,13.63133333,15.19766667,G-534
PI 606263,Chuanshu 27,8,3.666666667,0.833333333,1,2,2.833333333,14.986,17.018,17.35666667,G-535
PI 606264,Maria Angola,7.833333333,5.5,3.333333333,4,4,4.666666667,15.66333333,12.531,14.394,G-536
PI 606265,W-228,2,3,0.333333333,1.333333333,2,1.333333333,12.48833333,12.27666667,15.07066667,G-537
PI 606266,Zhenghong 3,8,3.333333333,0.666666667,1.333333333,2,1.666666667,14.30866667,13.75833333,15.02833333,G-538
PI 606267,TIS 8504,8,6,7,5.333333333,5,6.333333333,14.30866667,11.938,13.67366667,G-539
PI 606268,Helena,8,2.666666667,0.5,1,0.833333333,2,13.37733333,12.573,14.94366667,G-540
PI 606269,TIS 5081,2,6,4.833333333,4.166666667,4,4.333333333,14.224,11.89566667,13.03866667,G-541
PI 606270,TIS 8266,6.833333333,3.333333333,1.333333333,1.5,1.833333333,2.333333333,13.41966667,13.29266667,15.748,G-542
PI 606271,TIS 5125,5.166666667,5.5,3,3,4,3.666666667,12.61533333,11.303,13.20866667,G-543
PI 606272,Q 25754,2,5.666666667,2.666666667,2.666666667,3.666666667,5,12.573,11.59933333,13.208,G-544
PI 606273,Xiangnonghuangpi,7.5,5.666666667,2.666666667,3.666666667,3.666666667,4.333333333,14.64733333,13.16566667,14.26633333,G-545
PI 606275,Non Da Hong,3,2.333333333,1,2,1.166666667,5.666666667,14.30866667,12.573,13.50433333,G-546
PI 606276,Cemsa 78-326,2,4,1.666666667,2.833333333,1.5,3.833333333,16.21366667,14.732,15.95966667,G-547
PI 606277,TIS 8164,6.833333333,6,4.833333333,4.666666667,4,6.666666667,17.94933333,16.59466667,17.82233333,G-548
PI 606278,TIS 9101,7.833333333,6,7,6.833333333,5.666666667,6.833333333,14.732,11.98033333,13.03866667,G-549
PI 606279,Yan Shu 1,7.833333333,6,3,4.5,4,4.666666667,12.53066667,9.525,10.62566667,G-550
PI 606280,Guangshu 70-9,7.666666667,5.666666667,3.166666667,3,4.166666667,3.166666667,14.30866667,14.097,14.81666667,G-551
PI 612673,Hwangmi,8,6,3,3.166666667,3.666666667,4.166666667,16.21366667,13.16566667,14.77433333,G-552
PI 612674,IPS 152,2.833333333,6,6.166666667,5.5,5.166666667,6,15.45166667,12.02266667,13.589,G-553
PI 612675,Kawogo,6,6,6.833333333,6.166666667,4.666666667,6.166666667,16.383,12.954,13.081,G-554
PI 612676,Yizi 138,2.833333333,6,5,4.5,4,4.833333333,13.75833333,12.65766667,13.41966667,G-555
PI 612677,Hebei 351,8,3,1,1,1,1.333333333,10.668,10.96433333,12.53066667,G-556
PI 612678,Honghong 1,2.833333333,4.666666667,1.333333333,1.833333333,2.333333333,1.666666667,12.27666667,12.10733333,13.16566667,G-557
PI 612679,WT-125,4.666666667,4.333333333,1.166666667,1.166666667,2.333333333,4.333333333,15.113,15.53633333,16.46766667,G-558
PI 612680,WT-262,3.666666667,4.666666667,2.5,2,3,2,14.22333333,13.081,14.68966667,G-559
PI 612681,WT-320,2,6,5,4,5.166666667,4,14.18166667,13.589,15.32466667,G-560
PI 612682,WT-335,5.166666667,5.833333333,4.5,5.166666667,6,5.833333333,12.61533333,10.965,11.811,G-561
PI 612683,WT-399,2,6,6.166666667,5.666666667,5.666666667,6,13.335,12.27666667,12.78466667,G-562
PI 612684,WT-532,2,5.5,3.5,3,3.333333333,6.5,11.21833333,11.21833333,12.65766667,G-563
PI 612685,LM 87.045,3,6,3,3,4,3,8.847666667,8.466666667,9.609666667,G-564
PI 612686,LM 88.014,8,5,1.833333333,3.166666667,1,4.333333333,13.29266667,10.32933333,12.319,G-565
PI 612687,Santo Amaro,2.5,4,0.833333333,1,0.666666667,3.166666667,14.56266667,13.92766667,13.92766667,G-566
PI 612688,Anaranjado Inte,4.666666667,5.833333333,5.166666667,3.5,6,5.166666667,15.19766667,13.716,14.01233333,G-567
PI 612689,CIP 420024,8,5.666666667,7.666666667,3.666666667,5.333333333,4.166666667,13.92766667,12.36133333,12.74233333,G-568
PI 612690,Camote Yuca,8,6,7,4,5.5,4.5,14.30866667,12.446,12.954,G-569
PI 612691,Camote Tallo,8,4,0.5,1.5,0.5,2.666666667,16.59466667,15.113,17.94933333,G-570
PI 612692,Papilla Mala Hiebra,5.666666667,5.833333333,5.5,3,5.666666667,3.166666667,10.11766667,9.652,11.00666667,G-571
PI 612693,Costeno,7.166666667,5.166666667,7.833333333,3.166666667,5,3.333333333,12.27666667,12.61533333,11.938,G-572
PI 612694,Camote Rosita,4,6,5.333333333,4.833333333,6,5,17.145,13.335,14.77433333,G-573
PI 612695,Huachano,8,3,0.666666667,1,2,2.166666667,16.72166667,14.05466667,17.69533333,G-574
PI 612696,Helena,8,3,0.666666667,1,2.166666667,1.666666667,16.51,14.56266667,17.526,G-575
PI 612697,TIS 8441,3,6,4.166666667,4,3.333333333,4.166666667,16.002,12.65766667,15.91733333,G-576
PI 612698,NC 262,2,3.166666667,0.5,1,2.166666667,2,17.82233333,17.31433333,18.58433333,G-577
PI 612699,Tsurunash-Genji,2,5,1.833333333,2.333333333,2.333333333,3.333333333,13.589,12.7,13.03866667,G-578
PI 612700,CN 1448-49,5.5,5.666666667,2.5,2.666666667,3.5,2.833333333,12.446,11.557,11.85333333,G-579
PI 612701,Man Lobor,2,2.833333333,1,1,1,7.333333333,15.19766667,12.446,13.67366667,G-580
PI 612702,CN 1747-88,7.833333333,3,0.833333333,1.5,1.5,2.833333333,14.859,14.81666667,15.83266667,G-581
PI 612703,GA90-16,7.666666667,4,0,1.333333333,0,1.666666667,11.00666667,11.89566667,12.40366667,G-582
PI 614794,Taiuani,2.5,3.666666667,0.833333333,1,0.833333333,5.333333333,12.87,11.26066667,12.86933333,G-583
PI 614795,Guangshu 7,2,3,1,1,3,4.666666667,12.65766667,11.72633333,14.13933333,G-584
PI 614796,Zhan 64-285,2,3.666666667,1,1,1,7,13.97,12.23433333,12.14966667,G-585
PI 614797,TIS 70683,8,5.666666667,4,5,4.5,5.666666667,12.319,12.10733333,12.86933333,G-586
PI 614798,WT-237,2.666666667,6,3.666666667,3,4.166666667,3.5,11.00666667,9.440333333,11.938,G-587
PI 614799,WT-314,3,5.333333333,3.5,2.166666667,3.833333333,2.833333333,9.313333333,9.101666667,10.668,G-588
PI 614800,Kokei No 14,8,3.666666667,2.333333333,4,2,6,17.94933333,13.75833333,14.478,G-589
PI 614801,Mugande,4,3.666666667,1,1,1,4.833333333,14.986,14.30866667,15.57866667,G-590
PI 614802,Tainung No 64,6.166666667,3.5,1.5,2,1.666666667,5.166666667,18.49966667,16.08666667,17.35666667,G-591
PI 620764,Belastiqui,2,3.5,0.833333333,1,1.333333333,3.833333333,16.17133333,15.28233333,16.55233333,G-592
PI 628761,Carolina Ruby,5.833333333,5.333333333,2.166666667,2.333333333,2.333333333,2.666666667,9.906,10.033,11.21833333,G-593
PI 629268,4,2,4.333333333,1.333333333,1.666666667,1.666666667,2.333333333,16.51,16.51,16.72166667,G-594
PI 629269,7,7.333333333,5.333333333,2.5,2.666666667,3.5,2.833333333,16.42533333,17.31433333,18.37266667,G-595
PI 629270,NGLU 6-1,2.833333333,3.833333333,1.166666667,1.666666667,1.833333333,6.166666667,14.94366667,13.75833333,14.39333333,G-596
PI 629271,NG 4A3,7.5,6,3,3.166666667,2.333333333,4,13.29266667,12.23433333,12.446,G-597
PI 629272,6B-7,5,6,3,3,4,4.666666667,12.319,11.176,12.954,G-598
PI 629273,10B-8,2,3.5,0.833333333,1,0.833333333,3.833333333,14.13933333,12.954,14.30866667,G-599
PI 629274,10B-4,7.833333333,6,4.166666667,5.5,4,5.666666667,14.01233333,12.7,12.74233333,G-600
PI 629275,4A-6,2,4,1,1.333333333,2.666666667,2.666666667,13.37733333,13.54666667,15.53633333,G-601
PI 629276,6B-1,7,6,5.333333333,4,4,5.666666667,12.954,12.10733333,13.37733333,G-602
PI 633440,WT-325,3,6,4,3.333333333,3.333333333,3.833333333,9.017,8.297333333,9.779,G-603
PI 633441,Ayui,7.333333333,3.833333333,1,1,1,1.666666667,12.99633333,12.10733333,13.25033333,G-604
PI 633442,Los Cerrillas,3.333333333,4.666666667,1.333333333,1.833333333,2.666666667,2.166666667,11.85333333,11.51466667,13.03866667,G-605
PI 633443,NN31,3,6,8.166666667,5,5.833333333,5,17.653,15.28233333,15.91733333,G-606
PI 633444,Comensal,8,6,6.333333333,4.666666667,5.166666667,5,15.875,14.859,15.07066667,G-607
PI 633445,Salyboro,4.333333333,6,6.666666667,3.333333333,5.666666667,4.833333333,19.00766667,19.177,18.542,G-608
PI 633446,Abees,8,6,3.666666667,4,4,4.333333333,14.18166667,13.67366667,15.113,G-609
PI 633447,Benikomachi,4,6,5.666666667,5.166666667,3.666666667,6,15.367,10.58333333,11.98033333,G-610
PI 633448,Kyushu No.100,3,6,4.166666667,4.333333333,3.666666667,6.5,11.38766667,9.144,10.71033333,G-611
PI 633449,Narunmitang,2,5.666666667,2.333333333,3,3.333333333,3.166666667,18.451,11.176,11.47233333,G-612
PI 633450,L259,2,4.333333333,1.166666667,2.333333333,1.833333333,2.166666667,12.02266667,12.192,13.50433333,G-613
PI 633963,CN 1424-9,6.5,6,7,5,5,5.666666667,12.36133333,10.668,10.07533333,G-614
PI 633964,AVRDC-CN 1732-4,3,7,9,3.833333333,7,3.833333333,14.478,12.36133333,12.36133333,G-615
PI 633965,Kyukei No. 63,6.666666667,3,1,1,1,1.833333333,10.87966667,10.49866667,10.71033333,G-616
PI 633966,Wagabolige,7.666666667,5,2.166666667,2.333333333,3.666666667,3.833333333,15.53633333,16.08666667,17.99166667,G-617
PI 633967,Apadito,4.666666667,6,7,3.333333333,5.5,3.333333333,11.85333333,12.91166667,13.16566667,G-618
PI 633968,Morado Maravi,6.333333333,6,3.333333333,2.833333333,3.666666667,3.166666667,12.319,10.62566667,11.85333333,G-619
PI 633984,IITA-TIS 83/1038,4.666666667,6,5,3,4.333333333,3,9.186333333,9.694333333,11.049,G-620
PI 633985,WT-57,6,5.5,4.333333333,3,3.666666667,3,8.720666667,8.339666667,9.609666667,G-621
PI 633986,WT-59,2,4.333333333,1.833333333,1.833333333,2.666666667,4,13.081,13.843,15.19766667,G-622
PI 633987,WT-108,6.5,4.666666667,2.666666667,2.333333333,4,2.5,14.94366667,13.54666667,16.764,G-623
PI 633988,"""Unknown""",7.166666667,6,7.166666667,4,5.5,4.666666667,12.192,11.00666667,11.21833333,G-624
PI 633989,Cascajo Morado,4.333333333,6,4.666666667,4.833333333,4.5,5.333333333,14.43566667,12.53066667,12.827,G-625
PI 634366,AC 76.12,8.333333333,3.666666667,0.166666667,1,2.666666667,2.333333333,14.90133333,13.80066667,15.53633333,G-626
PI 634367,AC 83.4-2,7.833333333,5.5,3.5,3,2.833333333,4,18.542,13.88533333,14.77433333,G-627
PI 634368,AC 83.5-2,5,3,1,1,1,1.666666667,11.13366667,11.38766667,13.54666667,G-628
PI 634369,B-6708,3.666666667,4.666666667,1.5,2.5,3.333333333,3.666666667,14.39333333,14.18166667,14.81666667,G-629
PI 634370,Bengal,4.166666667,6,5.5,5.166666667,5.166666667,5.5,13.67366667,10.287,11.26066667,G-630
PI 634371,Creole,8,6,5.5,5,4.333333333,5.166666667,12.446,8.212666667,9.821333333,G-631
PI 634372,Dooley,7.833333333,4.666666667,2.166666667,3.5,4,3.666666667,10.62566667,9.948333333,10.75266667,G-632
PI 634373,Easter,5.166666667,6,3,3.166666667,4,4.833333333,16.46766667,13.843,14.81666667,G-633
PI 634374,Redglow,4.833333333,5.166666667,1.666666667,2.5,3,2.5,23.835,15.53633333,16.51,G-634
PI 634375,GA-122,7.833333333,6,7.833333333,5,9,5.166666667,11.64166667,10.287,10.75266667,G-635
PI 634376,Garnet,7.666666667,4.666666667,2.166666667,2.666666667,2.666666667,4.166666667,8.932333333,8.551333333,9.101666667,G-636
PI 634377,Gold Jewel,2,5.666666667,4.166666667,2.666666667,4.333333333,2.666666667,14.859,13.589,12.91166667,G-637
PI 634378,Golden Belle,4.5,2.5,1,2,1.333333333,5.5,15.15533333,12.23433333,14.605,G-638
PI 634379,Hayman,5.166666667,6,5.5,4.833333333,4.666666667,6,13.97,13.081,14.30866667,G-639
PI 634380,Hayman White,8,6,6.166666667,5,4,5.333333333,15.113,10.71033333,12.40366667,G-640
PI 634381,Haynes,6.166666667,6,5,3.5,3.833333333,4.333333333,14.64733333,11.938,12.91166667,G-641
PI 634382,HM-16,2,6,4.5,4,4.333333333,4,16.764,14.05466667,14.605,G-642
PI 634383,HM-145,8,6,4.666666667,5.166666667,4,5.166666667,17.145,11.85333333,13.16566667,G-643
PI 634384,I/12-1,3.333333333,2.666666667,1,1,1.333333333,3.5,16.637,15.621,16.764,G-644
PI 634385,J/7-13,4,3,0.666666667,1,1.666666667,3.5,13.29266667,11.76866667,12.99633333,G-645
PI 634386,LA 54-89,6,3,0.833333333,1,1,3.166666667,16.637,13.50433333,15.95966667,G-646
PI 634387,L 7-182,2,3.666666667,0.666666667,1,2,2.5,14.05466667,13.16566667,13.80066667,G-647
PI 634388,MK-9,8,3.333333333,0,1,1.333333333,1,14.39333333,13.462,14.732,G-648
PI 634389,MK-10,3.333333333,6,5.333333333,4.833333333,4,4.833333333,15.24,13.16566667,14.39333333,G-649
PI 634390,NC 317,4.666666667,2.166666667,1,1,1,3.666666667,19.51566667,16.129,17.145,G-650
PI 634391,NC 718,2,3.833333333,0.833333333,1,1.666666667,3.5,12.99633333,12.065,11.76866667,G-651
PI 634392,NC 1327,3,2,1,1,1,1.333333333,13.335,10.71033333,12.827,G-652
PI 634393,NC 1350,2.833333333,2.666666667,1,1,1.333333333,5.833333333,15.748,10.795,11.89566667,G-653
PI 634394,OK-P-2,2.166666667,5.333333333,3.666666667,3.666666667,2.333333333,4,14.22,13.335,12.827,G-654
PI 634395,OK-P-10,7.166666667,6,4.666666667,4.666666667,3.833333333,5.333333333,15.621,10.541,11.684,G-655
PI 634396,OK-8-85,3,6,7,7,5.666666667,5.833333333,9.652,9.779,9.567333333,G-656
PI 634397,Oklamar,7,3,1,1,1,1,9.652,8.974666667,10.033,G-657
PI 634398,Pelican Processor,7.666666667,6,5,5,4.166666667,5.333333333,16.46766667,11.38766667,13.589,G-658
PI 634399,Picadito,2,6,8.666666667,5.5,6.666666667,5.5,15.24,15.02833333,13.97,G-659
PI 634400,Red Resisto,5.5,4.5,2,2.333333333,2.5,3.5,12.48833333,9.863666667,11.76866667,G-660
PI 634401,SC-1149-19,8,6,5.666666667,6.166666667,3.333333333,10.33333333,15.79033333,12.36133333,12.65766667,G-661
PI 634402,Sulfur,1,6,3.333333333,3.166666667,4,3,12.53066667,11.76866667,13.843,G-662
PI 634403,TG-1,8,6,5.5,5.5,4,5.5,16.21366667,11.09133333,12.954,G-663
PI 634404,TG-2,4,5.5,3.333333333,3.333333333,3.666666667,5.166666667,13.29266667,11.049,12.61533333,G-664
PI 634405,TG-3,3.333333333,6,5.833333333,5.833333333,4.833333333,5.333333333,15.19766667,12.40366667,14.39333333,G-665
PI 634406,TG-4,3,6,5.666666667,5.666666667,4.333333333,5.833333333,19.123,11.00666667,12.74233333,G-666
PI 634407,TG-5,7.833333333,3.333333333,2.166666667,4.333333333,2,5.833333333,14.43566667,12.065,12.36133333,G-667
PI 634408,TG-6,3,6,7.666666667,6,6.666666667,5.833333333,20.701,15.40933333,17.272,G-668
PI 634409,TG-7,3,5.666666667,2.833333333,3.666666667,3.666666667,6.666666667,10.96433333,9.482666667,10.83733333,G-669
PI 634410,TI-1849,8,6,5.833333333,5.666666667,4,5.833333333,15.70566667,9.948333333,12.065,G-670
PI 634411,Tuskegee-100,3.333333333,6,4,3.333333333,2.666666667,3.833333333,10.32933333,9.355666667,10.83733333,G-671
PI 634412,V4-29,2,3.666666667,1,1.333333333,1,3,13.54666667,13.03866667,14.18166667,G-672
PI 634413,V5-58,3.333333333,6,7,5,6.166666667,5,12.53066667,11.557,12.27666667,G-673
PI 634414,W-3,2.5,3,1,1,1,0.833333333,12.61533333,11.21833333,12.827,G-674
PI 634415,W 5-75,2,3,1,1,1,1.833333333,11.303,10.32933333,11.43,G-675
PI 634416,W-8,2.666666667,6,5.666666667,4.833333333,5,4.333333333,12.02266667,10.75266667,11.34533333,G-676
PI 634417,W-9,3,6,6.333333333,5.333333333,5.333333333,5.5,15.02833333,12.23433333,12.10733333,G-677
PI 634418,W-13,2,6,5.666666667,5,4.666666667,4.333333333,15.875,14.68966667,16.891,G-678
PI 634419,W-13 (Variegated),3,6,6.333333333,5.333333333,5.166666667,5.166666667,13.92766667,12.23433333,14.05466667,G-679
PI 634420,W-13-9,2,3.333333333,0.5,0.833333333,1.5,1.166666667,11.64166667,12.65766667,14.224,G-680
PI 634421,W-33,4.833333333,3.833333333,0.166666667,1,1,1.166666667,11.51466667,12.319,12.954,G-681
PI 634422,W-42,3,6,5.833333333,5,3.666666667,5,13.97,10.71033333,11.64166667,G-682
PI 634424,W-51-19,2.166666667,5.833333333,4.833333333,4.333333333,5,5.333333333,9.990666667,7.747,8.403166667,G-684
PI 634425,W-52,3,3,0.833333333,1,1,2.5,14.77433333,12.65766667,14.64733333,G-685
PI 634426,W-57,3.333333333,4.166666667,1.5,2.333333333,2.166666667,2.666666667,15.367,14.097,15.91733333,G-686
PI 634427,W-71,2.5,6,7,5.333333333,5,5.333333333,14.30866667,11.811,13.589,G-687
PI 634428,W-99,4.666666667,3.833333333,0.166666667,1,2,1.166666667,13.16566667,13.75833333,15.367,G-688
PI 634429,W-115,4.666666667,2.666666667,0,0.833333333,2,0.833333333,12.91166667,10.75266667,13.081,G-689
PI 634430,W-119,2,6,6,4.666666667,3.333333333,4.5,16.59466667,13.50433333,13.88533333,G-690
PI 634431,W-149,2,6,2.833333333,3.833333333,3.333333333,4.5,13.25033333,11.51466667,13.12333333,G-691
PI 634432,W-154,2.833333333,3.5,1.166666667,1.166666667,3,2.166666667,13.92766667,11.72633333,13.208,G-692
PI 634433,W-178,2,6,6.166666667,5,4.833333333,5,14.05466667,12.65766667,13.208,G-693
PI 634434,W-183,2.5,6,3.5,3.333333333,2,3.5,12.446,10.20233333,11.34533333,G-694
PI 634435,W-184,2.666666667,3.333333333,1,1.166666667,1.666666667,2.166666667,10.541,10.32933333,11.049,G-695
PI 634436,W-189,4,4,0.5,1.5,2.333333333,1.333333333,10.11766667,11.51466667,12.48833333,G-696
PI 634437,W-203,3.666666667,4,1.833333333,2.333333333,2.666666667,4.5,12.53066667,10.922,13.29266667,G-697
PI 634438,W-208,3,6,2.666666667,3.333333333,2.333333333,5.5,11.049,10.62566667,12.27666667,G-698
PI 634439,W-209,2,3,1,1,1,3,11.049,9.694333333,12.319,G-699
PI 634440,W-217,2,2.5,0.833333333,1.666666667,1.5,2,11.85333333,12.02266667,14.68966667,G-700
PI 634441,W-220,4.166666667,6,5.333333333,5,6,5,14.478,12.27666667,13.462,G-701
PI 634442,W-222,2.833333333,6,3,3,2,3.833333333,13.462,11.049,12.27666667,G-702
PI 634443,W-226,5,5.666666667,2.833333333,2.666666667,2.166666667,3.166666667,11.76866667,9.779,11.00666667,G-703
PI 634444,W-230,2.833333333,5.666666667,2.666666667,3.166666667,2.333333333,5,12.65766667,10.033,11.176,G-704
PI 634445,W-231,3.833333333,5.833333333,7,4.333333333,4.833333333,3.833333333,13.80066667,13.335,13.25033333,G-705
PI 634446,W-232,3.666666667,3,0.5,1,2,2.333333333,11.34533333,10.45633333,11.64166667,G-706
PI 634447,W-233,3.333333333,5.666666667,2.166666667,4.5,2.166666667,5.166666667,13.081,10.62566667,12.48833333,G-707
PI 634448,W-234,3,6,5,5.166666667,3.833333333,6.333333333,12.86933333,11.00666667,12.53066667,G-708
PI 634449,W-235,2.666666667,4,0.833333333,1,2,2.5,11.85333333,11.938,11.938,G-709
PI 634450,W-239,3,6,3.333333333,5,2.333333333,4.833333333,14.94366667,12.065,13.50433333,G-710
PI 634451,Carolina Bunch,4.166666667,6,3.833333333,4.833333333,3.333333333,5,14.05466667,11.303,13.843,G-711
PI 634452,Patriot,3.666666667,4.333333333,1.5,1.333333333,1.833333333,6.333333333,13.97,12.065,13.335,G-712
PI 634453,W-245,2,5.333333333,3.166666667,2.666666667,2,2.666666667,11.85333333,10.24466667,11.89566667,G-713
PI 634454,W-247,3,5.666666667,2.166666667,3.166666667,3.166666667,3.333333333,12.192,12.10733333,12.23433333,G-714
PI 634455,W-248,2,4.166666667,0.833333333,1.333333333,2,3.166666667,14.90133333,14.18166667,15.79033333,G-715
PI 634456,W-249,8,6,3,3,4,3.5,7.874,7.704666667,8.339666667,G-716
PI 634457,W-250,4,2.333333333,0.833333333,1.333333333,1.166666667,3.333333333,14.39333333,11.64166667,13.589,G-717
PI 634458,White Bunch,8,6,5,5,4,5.333333333,15.748,10.75266667,12.99633333,G-718
PI 634459,White Jewel,2,5.166666667,2.166666667,2.666666667,2.166666667,6.333333333,15.32466667,13.37733333,13.589,G-719
PI 634460,White Triumph,8,6,5,5,4,5.666666667,14.81666667,10.16,12.10733333,G-720
PI 634461,81-DW-7,3,3,1,1,1,1.166666667,9.821333333,10.795,11.303,G-721
PI 634462,81-52,2,5,1.833333333,2,1.833333333,5.166666667,16.21366667,14.01233333,15.02833333,G-722
PI 634463,MD 7-93,2.833333333,5.333333333,2.333333333,2.333333333,3.666666667,4.5,14.732,13.12333333,14.05466667,G-723
PI 634464,MD 9-35,3,6,8.333333333,5,5.5,5,13.843,12.61533333,13.88533333,G-724
PI 634465,MD 15-63,4.833333333,6,4.833333333,5,4,5.166666667,13.16566667,10.75266667,12.14966667,G-725
PI 634466,MD 16-8,2.833333333,4,0.666666667,1,1.333333333,3,14.05466667,14.05466667,15.621,G-726
PI 634467,MD 16-50,5.333333333,6,5.166666667,3.833333333,5.333333333,4.5,15.367,13.75833333,13.843,G-727
PI 634468,MD 16-109,7.833333333,6,3.666666667,6,3.333333333,6,13.37733333,10.795,13.25033333,G-728
PI 634469,MD 17-340,2.333333333,4,0,1,2,1,13.29266667,13.29266667,15.45166667,G-729
PI 634470,MD 55,8,2.5,0.5,1,1.333333333,1.666666667,14.732,12.53066667,15.875,G-730
PI 634471,MD 88-107,8,3,1.666666667,2.166666667,2,3.333333333,17.399,14.43566667,17.48366667,G-731
PI 634472,MD 88-116,4.333333333,6,2.5,3,2,2.333333333,11.34533333,10.414,11.85333333,G-732
PI 634473,MD C91,3,6,3.333333333,3.833333333,4,4.333333333,11.98033333,10.32933333,11.00666667,G-733
PI 634474,MD P217-84,2.833333333,4.333333333,1.666666667,2.166666667,2.666666667,2.833333333,12.23433333,11.26066667,11.72633333,G-734
PI 634475,MD 253,5,3,1,1,1,1.666666667,11.09133333,11.303,13.843,G-735
PI 634476,MD 320,3.833333333,2.833333333,1.5,2,2.333333333,2.5,13.67366667,12.36133333,14.01233333,G-736
PI 634477,MD 607,4.333333333,3,0,1,2,1,16.34066667,16.80633333,19.685,G-737
PI 634478,MD 807,2.5,6,1.166666667,6.666666667,4,8.333333333,15.45166667,13.92766667,15.748,G-738
PI 634479,MD 822,2,6,6.833333333,5,5.166666667,5.166666667,14.52033333,11.09133333,12.99633333,G-739
PI 634480,MD 844,3.333333333,3.833333333,1.5,1.833333333,2,2.833333333,12.573,14.097,16.08666667,G-740
PI 634481,UGA-204,7,6,2.833333333,5.166666667,2.333333333,7.5,13.92766667,10.287,11.176,G-741
PI 634482,UGA-210,5,5.166666667,1.666666667,2.833333333,3,5.166666667,13.208,12.99633333,13.081,G-742
PI 634483,UGA-227,7.5,6,3.333333333,4,4,6.166666667,15.113,11.811,13.92766667,G-743
PI 634509,WT-129,7.333333333,4.333333333,3.5,2.5,4,2.5,14.26633333,11.34533333,14.478,G-744
PI 634510,WT-194,3,6,4.5,3,4,3.166666667,12.7,9.779,12.192,G-745
PI 634511,Kuri,7.333333333,6,4.166666667,4.333333333,4,5,17.22966667,12.827,14.94366667,G-746
PI 634512,Akaio,2,6,4.333333333,5.166666667,2.666666667,5.166666667,19.26166667,16.34066667,18.88066667,G-747
PI 634513,CN 1421-68,2,4.833333333,3,3,2,3.5,19.85433333,18.37266667,21.209,G-748
PI 634514,CN 1421-56,2,4.833333333,3,2.833333333,2.333333333,3.166666667,18.034,17.06033333,19.431,G-749
PI 636312,Galona,7,6,4.166666667,5,4,5.333333333,15.66333333,13.80066667,15.70566667,G-750
PI 636313,WT-478,2.666666667,5.5,3.666666667,3,2.833333333,3.166666667,11.21833333,10.033,11.43,G-751
PI 636314,WT-571,2,5,2.666666667,2.5,2.166666667,5.333333333,12.192,12.27666667,14.097,G-752
PI 636315,NO. 221,3.666666667,4,0.833333333,1,1,3.333333333,14.52033333,13.37733333,14.43566667,G-753
PI 641933,Agena,7.833333333,6,5.666666667,5,4.166666667,5,11.85333333,9.863666667,10.45633333,G-754
PI 641934,Molokai Purple,3,4.833333333,1.5,2.166666667,3,4,13.88533333,11.64166667,13.081,G-755
PI 642847,W-220,4.833333333,6,6.5,5,6.166666667,5.666666667,17.56833333,14.097,15.113,G-756
PI 642848,Merenge,4.333333333,6,6.166666667,7.666666667,4.166666667,8,13.67366667,12.40366667,12.91166667,G-757
PI 645581,Bunch Porto Rico,8,4,3,1,2,4.666666667,16.97566667,14.39333333,15.19766667,G-758
PI 645582,Okinawa Purple,6,6,5.666666667,5.166666667,4.166666667,5.666666667,14.52033333,10.414,11.51466667,G-759
PI 653843,Charleston Scarlet,2,4.333333333,2.166666667,2,0.833333333,4.5,13.92766667,10.75266667,12.446,G-760
PI 653844,Liberty,7,3,1,1,1,3.5,9.482666667,9.101666667,10.45633333,G-761
PI 653845,W-392,6,6,5,4.833333333,4.166666667,4.833333333,12.40366667,11.51466667,11.51466667,G-762
PI 657999,Ruddy,2.166666667,3.166666667,1.666666667,1,1.5,8,14.26633333,10.033,11.98033333,G-763
PI 664810,Marera I,1.833333333,3.833333333,0.333333333,1,1.333333333,1.666666667,17.73766667,17.48366667,18.88066667,G-775
PI 666134,W-311,6,4.5,2.333333333,1.833333333,1,4.5,11.21833333,9.609666667,11.13366667,G-766
PI 666135,W-317,4,4.333333333,1.5,1.333333333,1.5,8,15.45166667,13.335,14.43566667,G-767
PI 666136,W-332,6.5,6,4,5.833333333,4,6,14.81666667,12.446,14.94366667,G-768
PI 666137,W-333,2.5,3,1.166666667,1.166666667,1,2.833333333,12.27666667,10.32933333,12.14966667,G-769
PI 666138,W-361,2,6,5.666666667,4.666666667,4,4.666666667,13.208,12.573,12.78466667,G-770
PI 666139,W-376,2.833333333,6,5,5.166666667,4,5.333333333,14.81666667,13.335,14.605,G-771
PI 666140,W-386,2.166666667,5.5,3,2.833333333,1.333333333,4.833333333,12.40366667,10.16,12.23433333,G-772
PI 666141,W-390,4.333333333,2.666666667,1,1,1,5,12.10733333,9.101666667,10.83733333,G-773
PI 666143,L 78-21,2.5,5.333333333,2.666666667,2.5,1.666666667,3.166666667,18.58433333,16.383,17.272,G-774
PI 667649,IB/PNG/39,8,3.666666667,1.333333333,1.333333333,1.333333333,5.833333333,13.63133333,12.10733333,13.208,G-776
PI 667650,Anny,2,3.333333333,0.5,1,1,1.166666667,17.56833333,15.95966667,16.637,G-777
PI 667651,Kuma 2,7.833333333,4,1.833333333,1.833333333,1.333333333,4,15.57866667,13.12333333,16.04433333,G-778
PI 667652,Toni,8,2.833333333,1,1,1,7,16.93333333,13.462,14.90133333,G-779
